no_3,000,000 SUBSCRIBERS!!!.txt,42,43,44,47,48,49,52,53
no_4,000,000 SUBSCRIBERS.txt,63,64,65,66,67,68
no_6,000 MILE FLIGHT TO JAPAN - Japan VLOG.txt,83,84,85,86,87,88,89,90,90,91,92,93,97,98
no_24 Hours In Provence  Niomi Smart.txt,3,4,5,6,7,8,9,10,1123,24,25,37,38,46,47,48,49,50,59,60,61,62,63,64,71,72,73,74,75,76,77,78,79,80,81,82,82,83,101,102,103,104,105,106,143,144,145,146
no_24 Hours In Sweden  Niomi Smart VLOG.txt,39,40,41,42,43,100,101,102,103,104,108,109,110,111,112,156,157,158,159,160,161,162,166,167,168,169,170,171,172
no_32 Hours in VIENNA! [CC].txt,17,18,19,20,35,36,71,73,74,75,76,77,109,110,111,112,113
no_50 SHADES OF FITNESS  WEEKLY VLOG 3.txt,145,146,147,149,150,151,152,153,154,155,166,167,179,180,181,182,183,184
no_A Bank Holiday Weekend Vlog  TamingTwins.com.txt,59,60,61,62
no_A BUSY WORKING WEEK  Megan Ellaby Weekly Vlog.txt,29,30,38,39,40,41,47,49,49,50,51,52,53,54,55,137,138,139,272,273,274,275,316,317,318,319,320,387,388,389,390,391,392,393,394,395
no_A Day In Lisbon  Niomi Smart VLOG.txt,30,31,32,49,50,51,52,53,112,113,114,115,116,117
no_A DAY IN MARRAKESH!  Amelia Liana Vlog.txt,5,6,7,8,9,10,11,12,13,14,15,17,18,19,27,28,29,30,31,31,32,33,34,35,36,37,38,327,328,329,356,357,358,359,404,405,406,407
no_A DAY IN MY LIFE  Talk Becky Talk.txt,62,63,64,65,66,67,68,69,72,73,74,75,76,77,78,79,80,81,82,83,84,85,86,87,88
no_A Day In My Life Working From Home.txt,222,223,224,225,226,227,228,229,230,231,232,233,234,235,236,237,238,239,240,241,242,243,244,245,246
no_A Day In The Life New York With Lily  The Anna Edit.txt,17,18,19,20,24,25,26,27,28,29,61,62,63,228,229,230,231,232,233,234,235,236,237,238,299,300,301,302,338,339,340,357,358,359,360,361,362,363,364,365,383,384,385,386,387,388,424,425
no_A Day in the Life of a UK Male Blogger  Jack Edwards.txt,18,19,20,30,31,32,33,34,122,123,124,125,126,127,128,129,130,131,132,133,134,135,136,141,142,143,144,144,145,146,147,148,149,150,151,152,153,154,155,156,160,161,162,162,163,164,165,174,175,176,177,178,180,181,182,189,190,191,192,193,194,195,196,197,198,199,200,201,201,202,203,204,205,218,219,220,221,222,223,224,225,226,227,228,229,2302,231,232,233,234,235,236,237,238,239,240,241,242,243,244,245,246,247,248,250,251,252,253,254,255,256
no_A Day In The Life The Best Year Ever  The Anna Edit.txt,102,103,104,105,106,107,108,109,110,111,112,113,114,115,116,117,118,119,120,121,122,123,124,125,126,127,128,129,159,160,161,162,163,164,165,448,449,450,451,452,453
no_A Day In The Life What I Eat In A Day  The Anna Edit.txt,126,127,128,129,130,163,164,165,166,167,168,169,170,171,172,173,174,175,176,177,205,206,207,208,209,210,245,246,247,248,249,250,251,252,253
no_A DAY OF PHOTOSHOOTS, FOOD AND TATTOO'S  CARL CUNARD.txt,28,29,30
no_A Day With Guy + Mini Haul!  Amelia Liana.txt,152,153,154,155,156,157,158,159,160,161,162,163,164,165,166,167,168,169,170,171,172,173,174,175,176,177,178,179,180,181,182,183,184,184,185,186,194,195,196,197,198,199,200,201,201,202,203,204,205,206,207,208,242,243,244,245,246,289,290,291,292,293,294,295,296,297,298,299,337,338,339,340,341,342,354,355,356,357,358,359,360,361,362,372,373,374,375,376,377,378,379,380,381,382,383,420,421,422,423,424,425,426,427,431,432,433,445,447,448
no_A FEW WEEKS IN MY LIFE VLOG l Olivia Jade.txt,20,21,22,23,24,25,26,27,137,138,145,146,147
no_A HOME DAY VLOG  Lily Pebbles.txt,16,17,18,19,60,61,62,63,64,65,66,67,68,69,70,71,72,73,74,75,76,77,269,270,271,275,276,277,434,435,436,437,453,454,455,456,457,458,459,460,461,462,521,522,523,524,525,526,527
no_A Lovely Zoe Visit!  The Weekly #20.txt,459,460,461,462,463,464
no_A NEW BABY! WEEKEND VLOG ALDEBURGH  TamingTwins.com.txt,22,23,24,25,26
no_A Present From Connor Franta!.txt,100,101
no_A Quick Beach Break  Lily Pebbles Vlog.txt,98,99,100,101,129,130,131,132,133,134,135,136,137,161,162,163,164,165,166,167,188,189,190,191,192
no_A Sofa Switch & Dressing the Tree!  Vlogmas No.2.txt,49,50,51,52,53
no_A STAYCATION IN LONDON  Lily Pebbles Vlog.txt,11,12,13,14,15,16,22,23,24,25,67,68,69,70,71,72,73,98,99,100,101,102,103,104,105,177,178,179,180,181,182,183,184,255,256
no_A SURPRISE VISIT!.txt,263,264,299,300,301
no_A Week In My Life August 2017  A Model Recommends.txt,91,92,93,94,110,112,112,113
no_A Week In My Life September 2017  A Model Recommends.txt,95,96,273,274,275
no_A WEEKEND AWAY AS A FAMILY  VLOG.txt,10,11,12,13,14,15,16,17,18,19,25,26,41,42,43,44,52
no_A Weekend in Scotland!  Fashion Mumblr Weekly Vlog.txt,2,3,4,5,10,11,12,13,21,22,23,75,76,77,78,79,154,155,156,211,212,213,217,218,219,220,221,222,223,224,225,226,263,264,265
no_A Weekend in Sicily - Outfit Diaries  Fashion Mumblr Travel Vlog.txt,2,3,4,9,10,56,57,58,59,60,61,62,63,64,65,66,67,93,94,95,96,114,115,116,117
no_AIRHOP  ALPHABET DATING!.txt,29,30,31,32,33,34,35,36
no_ALFIES BIRTHDAY WEEKEND.txt,138,139,140,141,142,143,182,183,184,185,186
no_AN EXCITING TRIP TO PARIS & COME SHOPPING WITH ME  Megan Ellaby Vlogs.txt,115,116,117,118
no_ANNIVERSARY GETAWAY TO FLORENCE  LESSONS LEARNT IN MARRIAGE  ITALY TRAVEL VLOG 62.txt,167,168,178,179
no_BABIES WITH JETLAG  FIRST DAY IN PUNTA CANA.txt,66,67
no_BACK HOME, DISNEY DESCENDANTS 2 & KENNY ORTEGA TAUGHT US TO DANCE  LucyAndLydia.txt,81,82,143,144,145,178,179,180,181,182,183,184,185
no_Back Yard Progress  Billy & Pat.txt,84,85,86,87
no_BATH  ALPHABET DATING!.txt,26,27,28,29,60,61,62,63,64,65,89,90
no_BEHIND THE SCENES OF OUR MUSIC VIDEO  LucyAndLydia.txt,57,58,131,132,133
no_BERLIN VLOG  Megan Ellaby.txt,36,37,51,52,53,54,55,56,57,58,59,60,61,124,125,126,127,128,129
no_BEST MUM TIP! DAY IN THE LIFE A NORMAL WEEKDAY  TamingTwins.com.txt,114,115,116,117,118,119,120,121,131,
no_Big Trip to Center Parcs!  The Weekly #23.txt,6,7,8,9,10,11,12,13,14,44,45,46,47,100,101,102,
no_BRITISH BOYS IN AMERICA.txt
no_Busiest Day of the Year!  Vlogmas No.3.txt,107,108,109,110,111,112,113,114,168,169,248,249,250,251,252,253,254,255,256,257,258,265,266,267,275,276,282,283,284,285,296,287,288,292,293,294,295
no_CAN'T BELIEVE SHE DID IT!.txt,
no_CELEBRATING MY YOUTUBE GOAL!!.txt,116,117,118,119,1291,121,205,206,207,208,209,210,211,212,213,214,215
no_CHANGING MY HAIR!  Hello October.txt,101,102,103,104,105,106,138,139,140,141,142152,153,154,155,156,157,158,159,246,247,293,294,295,299,300,301,302,303,304,306,307,308,309,310,313,314,315,316,317,318,319,320,321,322,323,337,338
no_Chats from Home  The Weekly #24.txt
no_Chatting In The Car.txt,19,20,21,22,23,219,220,221,222
no_CHRISTMAS EVE!!!!  Fashion Mumblr Vlogmas.txt,79,80,81,82,83
no_Closet Clear Out  Lily Pebbles VLOG.txt,47,48,49,50,51,52,53,54,55,56,57,58,59,60,61,69,70,71,72,73,74,75,76,78,79,82,83,84,85,86,95,96,97,98,99,100,101,112,113,114,126,127,128,130,131,132,133,135,136,137,138,139,140,141,150,151,158,159,160,176,177,178,179,180,181,182,183,184,185,186,187,188,189,190,191,252,253,254,255,256,257,258,259,260,261,262,263,264,265,266,271,272,273,274,275,276,300,301,302,392,393,394,395,396,512,513,514,535,536,537
no_CONORS WEIRD DANCE OFF.txt,22,23
no_COUPLES PAMPER SESH, BIRTHDAYS & LOLZ  Megan Ellaby Weekly Vlog.txt,110,111,112,113,114,115,224,225,226,227,228,229,230,231,232
no_DAD vs KIDS!! Drifting & Camping.txt
no_DAILY VLOG  WHAT HAPPENS WHEN I DIE....txt
no_DATE NIGHT  What My Fiance_ REALLY Does!.txt,64,65,112,113,114,135,136,137,138,139,140,142,143,144,145,146,147
no_DAY IN MY LIFE VLOG Spring Day Out l Olivia Jade.txt,81,82,83,84,85,86,87,88,89,90,92,93,94
no_DAY IN THE LIFE  MOVING VLOG #5.txt,22,23,24,25,33,34,35,36
no_DECLUTTERING + MY PIERCINGS  Weekly Vlog #19.txt,62,63,64,65,66,67,68,69,70,71,72,73,82,83,84,85,86,89,90,91,100,101,102,103,104,105,106,107,108356,357,358,359,360,361,362,363,364,365,366,367,368,369,370,421,422,423,424,490,491,492,493,494
no_DELILAH'S NAMING  VLUNE.txt,20,21,22,23,24,25,26,27,28,29,42,43,44,45,46,47,48,49,50,51,52,53,54,55,56
no_DINNER AT THE RITZ & HAUL  Lily Pebbles Vlog.txt,3,4,5,6,7,8,11,12,13,14,15,16,26,27,51,52,53,54,55,56,57,58,154,155,156,157,158,159,172,173,174,175,176,177,178,179,180,181,182,183,184,185,186,187,188,189,190,191,192,193,194,195,196,197,198,215,216,217,218,219,220,221,222,223,224,225,226,227,228,229,230,231,232,233,234,235,236,243,244,245,246,247
no_DOG RACING  ALPHABET DATING!.txt
no_DON'T WATCH THIS DAD..txt,225,226,227,228,229,2302,231,232,233,234,235,236,237,238,239
no_Driving For the First Time! She Got Her Permit!.txt
no_Dropping my iPhone In The Bath!.txt
no_DRUNK ROLLER DISCO.txt
no_DYING MY HAIR PINK & MAKING MAC N CHEESE.txt,36,37,38,39,40,41,42,43,44,45,46,47,53,54,55,56,57,58,59,72,73,74,75,76,77,78,79,80,81,82,83,84,85,86
no_EMPTY APARTMENT TOUR!  MOVING VLOG 1.txt
no_FAMILY LOVE.txt
no_Finding this hard to deal with  Vlog 21.txt,10,11,12,13,55,56,57,58,171,172,173,174,175,176,177
no_First time crying in a video.txt
no_First Week of Kittens!  The Weekly #34.txt,295,296,297,298,303,304,305,306,307,308,309,310,316,317,318,319,329,330,331,332,333,334
no_Five Days in LA!.txt,135,136,137,138,139,140,141,271,272,273,274,275
no_FREAKING OUT AT THORPE PARK FRIGHT NIGHT.txt,3,4,5,6,7,8
no_FRENCHIE CONVENTION & BUTT KICKING  WEEKLY VLOG 4.txt,24,25
no_FRIEND TEST, HAULING & ORGANISING.txt,45,46,47,48,81,82,83,84,85,86,87,88,89,161,162,163,164,165,171,172,183,184,202,203,204,205,206,207,208,500,501,502
no_FULL OF SURPRISES IN PARIS  LucyAndLydia.txt
no_GARDENING WITH JOE SUGG AND TEAM JIM NIGHT OUT.txt
no_GETTING A TATTOO!! (not clickbait).txt,46,47,78,79,80,81,83,84,85,86
no_GETTING MY WISDOM TEETH OUT & PUPPY'S FIRST WALK!  Tasha Green Vlogs.txt,93,94,95,96,97,98,99,125,126,127,128,129,130
no_GETTING SASSY IN THE LAVENDER FIELDS  Lily Pebbles Vlog.txt,151,152,153,154,155,156,157,158,159,160,338,339,340,341,342,369,370,371
no_GETTING SAUCY IN THE JACUZI.txt
no_GIRLY DAY IN LA! April 12th.txt,119,120,121,122,123,124,125,126,127
no_Gleam AsDarknessFalls Halloween Party  Lydia Elise Millen.txt,31,32,33,34,35,36,37,38,39,40,41,42,43,44,45,46,47,48,49,50,51,52,53,54,55,59,60,61,62,63,64,65,66,67,68,70,71,72,73,74,91,92,93,94109,110,111,112,113,114,115,117,118,119,120,121,123,124,125
no_GOING BACK HOME FOR THE WEEKEND.txt,18,19,20,21
no_HALLOWEEN HORROR FARM.txt
no_HAPPY NEW YEAR 2013! + NYE OUTFIT (VLOG)  JAIRWOO.txt,56,57,58,59,63,64,65,66,67,70,71,72,73,74,75,76,77,79,80,81,84,85,86,87
no_Having a Permanent Blow Dry  Lily Pebbles Vlog.txt,23,24,28,29,30,31,32,73,74,108,109,110,111,112,113,114,115,116,117,121,122,123,130,131,132,133
no_HAVING FUN IN EDINBURGH.txt,31,32,33,34,35,36,201,202,203,204,205
no_HE BUILT ME A WALK-IN WARDROBE  VLOG 29.txt,78,7980,153,154,155,156,157,158,159,160,169,170,171,172,173,177,178,179,221,222,223,224,225,226,227,228,229,230,231,232,233,234,235,236,240,241,242,243,244,245,246,247,248,249,250,251,252,253,254,255,256,257
no_HE'S NOT HAPPY WITH ME.txt
no_Home Sweet Home  Lily Pebbles Weekly Vlog.txt,98,99,100,101,102,103
no_HORROR MOVIE NIGHT.txt,31,32,33,34,35,221,222,223
no_Hot Days, No Work and Sex in a Lay-By.txt,206,207,208,209,210,211,212,213,214,215,216,217,218,219,220,221,222,223,224,225,226,227,228,229,2302,231,232,233,234,235,236,237,238,239,240,241,242,243,244,245,246,247,248,249,250,251,252,253
no_HOW NOT TO FLIRT WITH GIRLS....txt
no_I CAN'T BELIEVE THIS HAPPENED.txt
no_I CANT STOP MYSELF.txt
no_I DON'T KNOW HOW TO FEEL ABOUT THIS CHANGE...txt,29,30,31,32,33,34,35,36,37,38,39,40,41,42,124,125,126,127,128,129,130
no_I GO TO THE CHAMPIONS LEAGUE FINAL! JUVENTUS VS REAL MADRID!.txt
no_I HAD THE STRANGEST LAP DANCE.txt,178,179,180,181,182,183,184,185,239,240,241
no_I LOVE DOING LAUNDRY (A VLOG)  NYCBAMBI.txt,27,28,29,30,53,54,55,5657,68,69,70,71,72,73,74,88,89,90,111,112,113,114,115,116,117,118,119,120,121,122,123,132,133,134,135,146,147,148,149,150,151,152,153,154,155
no_I NEVER THOUGHT THIS WOULD HAPPEN TO ME  Lydia Elise Millen.txt,31,32,33,34,35
no_I SURPRISED THEM.txt,213,214
no_I THINK THERE'S SOMETHING WRONG WITH ME  Weekly Vlog #18.txt,19,20,21,22,23,24,25,26,144,145,146,147,148,149,150,151,152,153,337,338,339,340,341,342,343,344,345,346,347,348,349,350,351,352,353,354,355,356,357,358,359,360,361,362,373,374,375,376,377,378,379,382,383,384,385,387,388,389,390,391,392393,394,395,396,475,476,477,478,479
no_I WAS NAUGHTY ON HOLIDAY  Weekly Vlog #20.txt,14,15,16,19,20,21,22,23,24,25,26,27,28,29,30,166,167,168,169,181,182,183,184,187,188
no_I WENT SHOPPING  Catch up with Carl  Vlog.txt,50,51,52,117,118,119,120,121,122,123,124,125,126,127,134,135,136,137,138,139,140,141,142,143,147,148,149,150,151,152,165,166,167,168,169,170,171
no_I WORE WHITE TO HER WEDDING & GRACE TURNS 1  PATRICIA BRIGHT - VLOG #2.txt
no_I'M A LITTLE ST.txt
no_I'm SO Boring! (don't even watch)  The Weekly #27.txt,126,127,128,129,130,131,132,133,134,135,338,339,340,341,342,343,344,345,346,347
no_I'VE GOT A PROBLEM WITH MY RING (NOT MY BUMHOLE).txt,
no_IKEA ADVENTURES!.txt,48,49,50
no_It didn't go to plan but It was worth it  Ali Gordon.txt,50,51,52
no_IT'S COMING BACK!!!.txt,167,168,169,170,171,172
no_IT'S NOT WHAT IT LOOKS LIKE....txt,90,91,92,93,94,210,211,212,237,238,239,240,241,242,243,270,271,272,273,274,275,276,277,278
no_ITS SO BEAUTIFUL! - Japan VLOG.txt,115,116,117,118
no_JUNE VLOG  a little room tour and lots of chatting.txt,5,6,7,259,260,261,262,263,264
no_KEEPING THE ROMANCE ALIVE!.txt,76,77,111,112,113,114,115,116,224,225,226,227,228,229,230,231,251,252,253,254
no_KISS THE SCARY CLOWN!.txt,17,18,19,20,21,22,23,94,95,96,97,98
no_Lack of Body Confidence  The Weekly #25.txt
no_Lagos Video Diary  VLOG.txt,164,165,166
no_LAST MINUTE CUDDLES! April 11th.txt,
no_LEBANON ____ 2017 VLOG.txt
no_Like a real life horror movie. Weekend in London, L'oreal Awards, Best ice cream!  EmTalks.txt,144,145,146,147,160,161,229,230,231,232,233,234,235,236,237,281,282,283,284,368,369
no_LITERALLY WHAT BLOGGERS DO ALL DAY EVERY DAY!!!  Every Day May  Fashion Mumblr.txt,13,14,15,16,39,40,41,42,43,44,45,90,91,92,93,94,95,96,97,98,99,100,123,124,125,141,142,143,144,168,169,170,279,280,281,282,307,308,309,324,325,326,327,328,329,425,426,427,428,433,434,435,436,437,438,439,440,448,449,478,479,480,481,482,483
no_London Fashion Week Vlog  Blogger Mail Unboxing  FASHION MUMBLR.txt,14,15,16,17,18,19,20,21,22,23,119,120,121,122,123,147,148,149,150,151,152,153,154,155,156,157,158,159,160,200,201,202,203,204,205,206,207,208,209,210,211,212,213,214,215,236,237,238,239,240,241,242,243,244,245,246,247,248,249,276,277,278,279,280,336,337,338,339,340,341,342,343,344,345,346,347,348,349,350,351,352,353,354,355,356,357,358,359,360,390,391,392,393,394,395,396,397,398,399,400,401,402,417,418,419,420,421,422,423,424,433,434,435,436,437,438,439,440,441,442,443,449,450,451,452,453
no_LOTS OF CELEBRATIONS  Megan Ellaby Weekly Vlog.txt,15,16,17,18,19,335,336,337,338,339,340,341,342
no_Making a big change....txt
no_MALE BLOGGERS IN LONDON  Ali Gordon.txt
no_MANCHESTER VLOG, BANK HOLIDAY WEEKEND  Megan Ellaby.txt
no_MARTHA'S BIG DAY OUT.txt
no_MEET MY SUGAR MOMMA!!!.txt
no_MEETING YOU AT SUMMER IN THE CITY - WEEKLY VLOG  LucyAndLydia.txt
no_MORNING COFFEE & MOOD BOARDS  NYCBAMBI (VLOG 2).txt,108,109,110,111,112,113,114,115
no_MOVING IN WEEKEND!  MOVING VLOG 3.txt,11,12,13,14,15,75,76,77,78,84,85,86,87,88,89,90,91,92,93,94,95,96,97,98,99,161,162,163,178,179,180,181,182,183,186,187,188,189,190
no_MOVING IN!  Hello October Moving Vlogs.txt,62,63,64,65,158,159,160,161,162,163,164,165,166,167,168,169,170,171,172,173,174,175,176,280,281,282
no_MOVING VLOG #2  EVERYTHING IS PINK, A HOUSE TOUR OF WHAT I'VE DONE SO FAR+ BUILDING IKEA FURNITURE!.txt,58,59,60,67,68,69,70,127,128,129
no_MOVING VLOG 1  GETTING MY KEYS & UNPACKING MY KITCHEN! KITCHEN ROOM TOUR.txt
no_MY BABY IS WHITE!.txt
no_MY BABY!.txt,194,195,196,197
no_MY BIRTHDAY  Meetings, Coffee Dates and Boyfriend Surprises  Lydia Elise Millen.txt,197,198,199,200,201
no_MY BIRTHDAY, YOUTUBER FESTIVAL & BEAUTIFUL JEWELS  #ad  Megan Ellaby Vlogs.txt,33,34,35,36,37,38,39,40,41,42,74,75,76,77,78,79,348,349,350,351,352,353
no_MY BOYFRIENDS BIRTHDAY & MAKING OUR OWN CHOCOLATE BARS  Megan Ellaby.txt,31,32,33,34,35,36,37,38,39,40,118,119,120,121,278,239,280,281,282,283,284,285,286,287,288,289,290,291,292,293,294
no_My Christmas Disaster.txt,325,326,327,328,329,330,331,332
no_MY COACHELLA EXPERIENCE _ VLOG! + 3 OUTFITS  JAIRWOO.txt,18,19,20,21,22,23,24,25,26,27,104,105
no_MY GRANDAD'S A ROCKSTAR & I'M ON THE NEWS!.txt,
no_MY SURGERY.txt
no_NEW HAIR REVEAL & THE BIGGEST PO BOX OPENING - WEEKLY VLOG  LucyAndLydia.txt,8,9,10,11,52,53,54,75,76,81,82,83,86,87,88,89,90,91,101,102,103,104,105,111,112,113,114,115,116,117,125,126,127,128,129,140,141,142,143,144,145,146,147,148,149,150,151,152,153,154,155,156,157,158,239,240,254,255,256,257,258,259,260,261,284,285,286,287
no_NIGERIA (ABUJA) VLOG.txt,24,25,26,27,28,29,30,31,32,33
no_OMG COKE BUBBLES!.txt,148,149,352,352,354,355,356,357,358,359,360,361,362,363,364,365,366,367,368,369,370,371,372,373,374
no_ONE OF THE BEST DAYS OF MY LIFE  Talk Becky Talk.txt,28,29,30,37,38,39,40,41,42,43,44,45,47,48,49,50,51,52,53,54,55,56,57,74,75,76,77,78,79,80,81,95,96,97,98,99,100,101,102
no_Organising, Packing & Moving  Lily Pebbles Weekly Vlog.txt,184,185,186,187,188,189,190,191,192,193,194,449,450,451
no_OUR MALLORCA HOLIDAY 2016  VLOG.txt
no_OUR REAL REACTION!!.txt
no_PACKING UP THE FLAT FOR MOVING DAY  VLOG 27.txt
no_PHOTOSHOOT WITH LINDA BLACKER & SEEING ADELE - WEEKLY VLOG  LucyAndLydia.txt
no_PICKING UP CHOCO!... Or MrWoofless! - VLOG.txt,187,188,189
no_Pink Hair, Don't Care!  Weekly 35.txt
no_PLAYING WITH BOOBS  Lily Pebbles Vlog.txt,40,41,42,43,44,45,46,47,48,
no_Prep for Fashion Week & Traveling to NYC Weekly Vlog l Olivia Jade.txt,30,31,32,33,34,35,36,37,38,83,84,85,86,87,88,89,90,
no_PRESENTS FROM YOUTUBE!.txt
no_RC Boats VS My Kids!!.txt
no_RUN DE FORCE!.txt,157,158,159,160,161,162,163,
no_SENT OFF AT WEMBLEY - FA Cup Final 2016 (Crystal Palace vs Manchester United).txt
no_She Dyed My Hair.txt
no_SHE GOT MORE PLASTIC SURGERY!.txt,71,72,73,74,75,76,170,171,172,173,174,175,176,183,184,185,186,187,188,189,190,202,203,204,205,206,207,208,
no_SHE'S SO GOOD!.txt
no_SIERRA'S BIRTHDAY BRUNCH!.txt
no_SISTERS BIRTHDAY & TRAVELLING TO COPENHAGEN  Megan Ellaby Weekly Vlog.txt,26,27,28,29,30,31,32,52,53,54,55,56,57,58,59,74,75,76,77,78,79,80,150,151,152,153,154,155,156,159,160,161,162,163,164,
no_So Much Going On!  The Weekly #28.txt,37,38,39,40,41,42,43,51,52,53,54,55,56,57,58,59,60,61,62,63,71,72,73,74,75,83,84,85,86,116,117,118,119,120,121,122,123,124,125,568,569,570,571,589,590,591,592,593
no_SOCIAL MEDIA vs REAL LIFE  Lily Pebbles Vlog.txt,341,342,343,344,345,346,347,348,
no_SORTING OUT MY ROOM... FINALLY!.txt
no_STEVEN HAS MY TEETH!  WEEKLY VLOG 1.txt,123,124,125,126,127,128,129,130,131,132
no_SUGG SLEEPOVER  Pt. 2.txt
no_Summer Fun Timez!  Billy & Pat.txt,20,21,22,23,24,25,26
no_SUMMER IN THE CITY (SITC) 2016 ADVENTURES.txt
no_SUMMER IN THE CITY 2015 VLOG.txt
no_Super Cosy  The Weekly #32.txt,284,285,286,287,288,289,290,291,292,293,294,295,296,297,343,344,345,346,347,348,644,645,646,647,648,649
no_Surprising My Mum in Lake Como!  Amelia Liana Travel Vlog.txt,22,23,24,25,26,27,28,29,30,31,32,33,34,35
no_TARGET, MOVING & A LITTLE HAUL  weekly vlog 01.txt,67,68,69,70,71,72,73,74,75,76
no_THAT'S NOT FUNNY ZOE! SPIDER PRANK!!.txt
no_The Back Yard & The Boat  Billy & Pat.txt
no_The Best Day Ever In Mexico  Niomi Smart VLOG.txt,146,147,148
no_The Best Grilled Cheese Sandwich!  Lily Pebbles Vlog.txt,76,77,78,79,80,81,82,83,84,85,86,87,88
no_THE CRAZIEST EMOTIONAL WEEK.txt,75,76,77,78,96,97,98,317,318,322,323,324
no_THE CREATORS CHOICE  THE MICHALAKS.txt
no_THE HAIR IS BACK.txt
no_THE HONEYMOON SUITE.txt,6,7,8,9,10,11,12,13,14,48,49,50,51,91,92,93,94,95,96
no_The L.A Vlog  ViviannaDoesVlogging.txt,17,18,19,20,21,22
no_The Monday to Friday Vlog  ViviannaDoesVlogging.txt,82,83,84,85,86,87
no_The Most Incredible Office EVER! (With Puppies and a SLIDE!)  Fashion Mumblr Every Day May.txt,163,164,165,166,167,168,169,170,171,172,173,174,175,176,177,178,179,180,181,182,183,184,185,186,198,199,200,201,202,203,204,205,206,207,208,209,210,211,212,213,238,239,240,241,242,243,244,245,246,247,248,249,250,251,252,253,254
no_The Old Gang!  The Weekly #36.txt,61,62,63,64,65,66
no_The Perfect Day  Ali Gordon & Lydia Millen.txt,36,37,38,39,40,41,42,43,44,45,46,47,48,49
no_THE PERFECT DAY AT HOME.txt
no_THE PERFECT GIRLS HOLIDAY TO LISBON  Megan Ellaby Vlogs.txt,52,53,54,55,56,90,91,92,93,94,95,96,97,98,99,100,148,149,150,151,152,153,154,155
no_THE SUGGS GO DIY ZORBING!.txt
,8,9,10,11,12,13,14
no_The vlogs are back.txt,104,105,106,118,119,120,121,122,183,184,185,186,187,188,189,190,205,206,207,208,209,210,211
no_The Weekly Vlog #16  ViviannaDoesVlogging.txt,26,27,28,29,30,31,32,33,34,41,42,43,44,45
no_THEY BROKE IT!!!.txt
no_THEY HIJACKED MY DATING APPS.txt
no_THEY TOOK OVER MY HOUSE!.txt
no_THIS COULD BE OUR LAST TIME  THE MICHALAKS.txt
no_THIS IS SO EMBARRASSING  PATRICIA BRIGHT VLOG #1.txt,173,174,175,176,177,178,179,180,181
no_THIS WAS SO PAINFUL!.txt,69,70,71
no_This Won't Stop Us  Vlog Ep.4.txt,192,193,194,195
no_TIME WITH KASSIE & MELTING  weekly vlog 02.txt
no_TO BE CONTINUED...  THE MICHALAKS.txt
no_TODRICK HALL STRAIGHT OUTTA OZ SHOW IN LONDON  LucyAndLydia.txt,4,5,6,10,11,12,13
no_TOTAL DISASTER  Vlog S2E3.txt,3,4,5,6
no_Travel Vlog Come to Dubai with Me  anothergirlslife.txt
no_TREEHOUSES & TENTS.txt,157,158,159,160,161,162,163
no_TRYING TO FEEL BETTER ABOUT MYSELF  Lydia Elise Millen.txt,87,88,89,90,91,92,93,94,95,96,97,98,99,100,101
no_Unboxings Galore!  The Weekly #37.txt,195,196,197,198,199,200,201,202,203,204,208,209
no_UNPACKING MY MAKEUP COLLECTION  GLAM ROOM ORGANISATION! MOVING VLOG #3.txt
no_V FESTIVAL FUN & EXCITING DELIVERIES - WEEKLY VLOG  LucyAndLydia.txt,44,45,46,47,48,49,50,51,52,53,54,55,56,57,58,59,60,61,62,63,259,260,261,262,263,264
no_Venice  Travel Vlog.txt
no_VLOG  A Surprise Proposal & All The #BlackGirlMagic!  Kristabel.txt,57,58,59,60,61,177,178,179,180,181,182,183,184,185,186
no_VLOG  I Need To Sort My Business Out!  Kristabel.txt,183,184,185,186,187,188
no_VLOG  I'm 30! Deep Chats, Photoshoots & Blogging In London!  Kristabel.txt
no_VLOG Baby Walking, Speech Talking and Fifty Shades of Grey....txt,97,98,99,100,101,102,103,104,105,106,107
no_VLOG New York  Freddy My Love.txt,81,82,83,84,85,86,87,174,175,176,177
no_VLOG V FESTIVAL 2016  LucyAndLydia.txt
no_VLOG WEEK 1  GOT A JOB!, FOOD, FAVE NUDE LIP.txt,55,56,57,58
no_VLOGMAS DAY 2  Clothes Show, Shopping with Ali & Lumi ruins christmas  Lydia Elise Millen.txt,43,44,45,46
no_VLOGMAS DAY 3  See how Ali & I Shoot blog outfits & Dinner with Friends  Lydia Elise Millen.txt,2,3,4,5,6,7,45,46,47,48,49,50,51,52,53,54,135,136,141,142
no_WARDROBE CLEANSE & SHOP  Lily Pebbles.txt,85,86,87,88,2014,205,206,207,208,209,317,318,319,320,321,322,323,438,439,440,441,442
no_Wardrobe DIY!  The Weekly #33.txt
no_WE DID IT!! THE BIG DAY!!.txt,42,43,44,45,46,47,48,49,50,51,52,53,54
no_WE GOT MATCHING TATTOOS.txt
no_WE HAVE SOMETHING TO TELL YOU...  Hello October Weekly Vlog.txt,66,67,68,189,190,209,210,211,212,213,214,215,219,220,221,222,223
no_WE MET ED SHEERAN  VLOG 47.txt
no_WE STARTED A BAND!.txt
no_We Were On A (Mini) Break!  A Model Recommends.txt,6,7,8,9,10,11,76,77,78,79,80,81,82,83,84,85,86,87,88,89,90,91,92
no_We're In CHINA + New iPhone!.txt
no_We've changed.txt,508,509,510,511
no_WEDDING JITTERS & PICKING UP THE DRESS!.txt,34,35,36,37,38,39,40,41,42,43,48,49,50,51,52,151,152,245,246,247,
no_WEEK IN THE LIFE OF ... (& MEETING NINJA TURTLES).txt
no_WEEKLY VLOG  LONDON, LEEDS FEST, SOHO FARMHOUSE & ROME  Megan Ellaby.txt,26,27,28,117,118,119,120,129,130,131
no_WEEKLY VLOG  Photoshoot, Travel & Beauty  Niomi Smart.txt,181,182,183,184,185,186,187,188,189,190,191,192,193,225,226,227,228,229,230,231,232,233,234,235,236,237,238
no_WEEKLY VLOG #103  NEW ESCAPE ROOM! _  Brogan Tate.txt,379,380,381,382,383,460,461,462,463,464,476,477,478,479,480,481,482,483,484,485,486,497,498,499,500,501,502,503,504,505,506,507,508,509,510,531,532,533,534,535,536,537,538,539,574,575,581,582,583,584,585,586,587,588,589,590,591,592,593,594,595,596,597,598,599,600,601,602,603,604,605,606,607,608,609,610,634,635,636
no_WEEKLY VLOG #104  HOLIDAY PREP! _  Brogan Tate.txt,288,289,290,291,292,293,294,383,384,385,386,387,411,412,413,414,527,528,529,530,531,532,533,534,535,536,537,637,638,639
no_WEEKLY VLOG #105  DECLUTTERING & RINGOS! _  Brogan Tate.txt,171,172,173,174,175,176,177,178,179,180,181,182,183,265,266,267,268,269
no_WEEKLY VLOG #109  SIMPLE SKINCARE EVENT! _  Brogan Tate.txt,95,96,97,98,99,100,101,102,103,117,118,119,120,121,193,194,195,196,197,198,199,200,201,202,203,204,205,206,207,208,209,210,211,213,214,215,216,217,218,219,220,221,222,223,224,225,259,260,261,262,263,486,487,488,489,494,495,496,497,498,499,500,501,502
no_WEEKLY VLOG #115  RUGBY CAMP! __  Brogan Tate.txt,286,287,288,584,585,586,587,588,589,590,591,592
no_WEEKLY VLOG #116  ZOELLA CHRISTMAS & LUSH CREATIVE SHOWCASE! _  Brogan Tate.txt,253254,255,256,257,258,259,260,306,307,308,309,310,311,312,313,374,375,376,377,378,379,425,426,427
no_WEEKLY VLOG #117  NEW HAIR! __  Brogan Tate.txt,319,320,321,322,374,375,376,377,378,379,380,381,382,584,585,586
no_WEEKLY VLOG IN SPAIN + LA  Niomi Smart.txt,51,52,53,54,59,60,61,62,72,73,74,102,103,104,105
no_WEEKLY VLOG JUSTIN BIEBER PURPOSE TOUR & CAPITAL JINGLE BELL BALL  LucyAndLydia.txt
no_WEST HAM VS JUVENTUS & STADIUM OPENING CEREMONY! - The Betway Cup.txt
no_WHAT A WEEK!  PARTY PLANNING  AUNTY DUTIES  MUM LIFE  SAYING GOODBYE  VLOG.txt
no_WHAT ARE THEY DOING  MARBELLA TRAVEL VLOG.txt,73,74,75,76,77,78,79
no_what i eat in a day & a whole bunch of chatting (vlog) l olivia jade.txt,238,239,240,241,242
no_WHAT IS A CRONUT.txt
no_WHAT WE DID IN PERU! Our First Service Trip + Bungee Jumping!.txt
no_WHAT'S IN MY BATH TAG.txt
no_WHITE PRIVILEGE MESSY BEDROOM & MY HUSBAND IS BALD!.txt,89,90,91,92
no_WHY AM I SCARED  DAY IN THE LIFE VLOG.txt
no_Why I LOVE Camping in Africa!  Vlog Ep.5.txt,26,27,28,29
no_WHY WE'VE BEEN GONE... VLOG #3.txt
no_WINTER WONDERLAND & NALAS BIRTHDAY.txt,39,40,41,42,65,66,67,68,69,70,216,217,218,219,220,221,222,223,224,225,226,227,228,229,230,231,232,233,234,235,236
no_YOU WON'T BELIEVE THIS.txt,129,130,131,132
no_YOUTUBER PARTY ON THE ISLAND - WEEKLY VLOG  LucyAndLydia.txt,101,102,103
yes _A Day In The Life Sunday With Mark  AD  The Anna Edit.txt,10,11,14,15,16,17,18,19,20,21,22,23,24,25,26,27,28,29,30,31,32,33,34,35,36,37,38,39,40,41,42,43,44,45,46,47,48,49,50,51,57,58,59,60,61,62,63,138,139,140,141,206,207,208,209,210,211,212,213,214,260,261,262,263,264,265,266,267,268,269,270,271,272,273,274,275,276,277,278,279,280,281,282,283,284,285,286,287,288,289,290,291,292,293,294,295,296,297
yes_3 DAYS IN AMSTERDAM #InTheMoment ad.txt,7,8,9,10
yes_48 HOURS!  WEEKLY VLOG #AD.txt,3,4,
yes_A Day at Darien Lake Theme Park Resort #Ad.txt,2,3,4,5,6,7,64,65,66,67,68,69
yes_A Day In My Life - At Home With Baby!  AD.txt,26,27,28,29,30,31,32,33,34,35,95,96,97,98,99,100,101,102,103,104,105,106,107,108,208,209,210,211
yes_A DAY IN NEW YORK  Lily Pebbles.txt,9,10,11,12,13,14,15,16,17,19,20,21,22,23,24,25,26,27,28,50,51,52,53,54,55,56,57,58,59,60,61,62,63,64,65,70,71,72,73,74,75,76,77,78,79,80,81,82,83,84,85,267,268,269,270,271,275,276,277,278,279,280,281,333,334,335,336,337
yes_A DAY IN THE LIFE MEN'S STYLE VLOGGER  JAIRWOO.txt,11,12,13,14,15,16,17,18,19,20,21,22,23,24,25,26,45,46,47,48,49,50,51,65,66,67,68
yes_A Day In The Life Of A Youtuber  Niomi Smart AD.txt,37,38,39,40,41,42,43,44,45,46
yes_A Day In The Life Vlog London  AD  The Anna Edit.txt,92,93,94,95,96,97,98,99,100,101,102,103,104,105,181,182,183,184
yes_A FANCY VLOG AT THE CLARIDGE'S WITH SPECSAVERS! #ad.txt,30,31,32,33,34,35,36,37,38,39,40,41,42,43,44,45,46,47,48,49,50,51,52,53,54,55,56,57,58,59,60,61,62,63,64,65,133,134,135,136,137,138,139,140,141,142,143,144,145,146,147,148,149,150,151,152,153,154,155,156,198,199,200,201,202,203,204,205,206,207
yes_a mini vlog hair routine, little nyc clips  nycbambi (ad).txt,56,57,58,59,60,61,62,63,64,65,66,67,68,69,70,71,72,73,74,75,76,77,78,79,80,81,82,89,90,91,92,93,94,95,96
yes_A VERY ENGLISH SEASIDE  THE MICHALAKS  #AD.txt,36,37,38,39,40,49,50,51,52,53,54,55,56,57,58,111,112,113,114,115,116
yes_Another Weekly Vlog  AD  Lily Pebbles.txt,329,330,331,332,333,334,335,336,337,338,339,340,341,342,343,344,345,346,347,348,349,350,351,352,353,373,374,375,376,377,378,379,380,381,382,383,384,385
yes_ANTIGUA TRAVEL DIARIES  Fashion Mumblr Vlog.txt,63,64,65,66,67,68,69,70,71,72,73,74,75,76,117,118,119,120,121,122,123,124,125,126,127,128,129,130,131,132,133,134,135,136,137,138,139,140,154,155,156,157,158,159,160,161,162,163,164,165,166,172,173,174,175,176,177,178,316,317,318,319
yes_BACK TO OUR ROUTINE  DAY IN THE LIFE VLOG ad.txt,48,49,50,51,52,53,54,55,56,57,58,59,60,61,62,63,64,65,66,67,68,69,70,71,72,73,74,75,76,77,78,79,80,81,82,83,84,85,86
yes_BOOK CLUB PICKS & SECRET HOARDER.txt,74,75,76,77,78,79,80,81,82,83,84,85,86,87,88,89,95,96,97,98,99,100,101,102,103,113,114,115,116,117,118,121,122,123,124,125,126,249,250,251,252,253,254,255,256,257,258,259,260,261,262,263,264,265,266,267,268,269,270,271,272,273,430,431,432,433
yes_BOTTLE SMASHED ON MY HEAD.txt,210,211,212,213,214,215,216,217,218,219,220,221,222,223,224
yes_BROTHER VS SISTER FOOD CHALLENGE!.txt,30,31,32,33,39,40,41,42
yes_Buying People Christmas Presents.txt,285,286,287,288,289,290,291,292,293
yes_CHILLING at Home! April 10th (ad).txt,17,18,19,20,21,22,23,24,25,26,27,28,29,30,31,32,33,34,35,36,37,38,39,40
yes_COME SHOPPING AROUND CHICAGO WITH ME  VLOG 18.txt,56,57,58,59,60,61,62,63,64,65,66,67,68,69,70,71,72,73,74,75,76,77,78,79,80,81,82,83,84,85,86,87,88,89,90,91,92,93,94,95,96,97,98,99,100,101
yes_Come Shopping With Me  AD  The Anna Edit.txt,13,14,15,16,17,18,19,20,21,22,51,52,53,54,55,56
yes_COME SHOPPING WITH ME + HAUL HOMESENSE EDITION  Hello October Vlog  AD.txt,81,82,83,107,108,109,110,111,112,113,141,142,143,144,145,146,147,242,243,244,245,246,247,248,270,271,272,273,274,282,283,284,285,286,287,290,291,292,293,294,295,296,297,298,299,300,301,321,322,323,324,325,326,327,328
yes_COOKING MY PARENTS DINNER WITH JAMIE OLIVER.txt,94,95,96,97,103,104,105,106,107,108,109,110,111,112,113,126,127,128,129,130,131,132,133,134,135,136,137
yes_COOKING WITH DOMINO'S  ALPHABET DATING! (Ad).txt,16,17,18,186,187,188,189,190,191
yes_CRAZY HALLOWEEN PARTY.txt,96,97,98,99,100,101,102,103,104,105,106,107,108,109,110,141,142,143,144,145,146,308,309,310,311,312,313,314
yes_CROATIA TRAVEL VLOG! ____  MEDSAILORS 2017 __  Brogan Tate AD.txt,8,9,10,11,12,13,261,262,263,1038,1039,1040,1041,1042,1043,1044,1045,1046,1047,1048,1049,1050,1051,1052,1053,1054,1055,1056,1057,1058,1059,1060
yes_Daily Vlog Homesense Haulin'  anothergirlslife AD.txt,3,4,5,15,16,17,18,19,20,21,22,25,26,27,28,29,30,31,32,33,34,35,36,37,38,39,40,41,42,43,44,45,46,47,48,49,50,51,52,53,54,55,56,57,58,59,60,115,116,117,118,119,120,132,133,134,135,136,137,141,142,143,144,145,148,149,150,151,152,153,154,155,156,157,158,159,160, 163,164,165,166,167,168,169,170,171,172,173,174,186,187,188,189,190,191,192,193,194,195,196,197,198,199,200,211,212,213,214,215,216,217,218,219
yes_DECORATING MY APARTMENT WITH DESENIO  MOVING VLOG #4  AD.txt,13,14,15,16,17,18,19,20,21,22,23,24,115,116,117,133,134,135,136,137,138,139,140,141,142,143,144,145,146,147,148,149,150,151,152,153,154,155,156,165,166,167,168,169,170
yes_DITL - A SLOW FAMILY WEEKEND VLOG  TamingTwins.com #ad.txt,36,37,38,39,40,41,42,43,44,45,46,47,48,49,50,51,52,70,71,72,73,74,75,76,119,120,121,122,123,124
yes_DON'T TELL BRITTNEY!! The floor is Bubbles!.txt,184,185,186,187,188,189,190,191,192,193,194,195,196,197,198,199,200,201,202,203,204,205,206,207,208,209,210,211,212
yes_DREAMLAND  VLOG ad.txt,7,8,9,10,11,12,13,14,15,16,17,18,19,20,21,22,23,24,25,26,27,28,29,30,31,32,33,34,35,36,86,87,88,89,90,91,92,93,94,95,96,97,98,99,100,101,102,103
yes_EASTER WEEKEND VLOG  AD  Lily Pebbles Vlog.txt,177,178,179,180,181,182,183,184,185,186,187,188,189,190,191,192,193,194,195,196,197,198,199,200,201,202,203,204,205,206,207,208,209,210,211,212,213,214,215,216,217,218,219,220,221
yes_EID PREP & ELMNT VLOG  HABIBA DA SILVA #AD.txt,13,14,15,16,17,18,19,20,21,22
yes_ENGLAND VS RUSSIA - EURO 2016 MATCH VLOG DIER FREE KICK, LATE GOAL & FAN TROUBLE! - #AD.txt,9,10,11,12,13,271,272,273,274
yes_Exploring Bristol!  travel vlog #ad [CC].txt,5,6,7,8,9,10,11,12,13,14,43,44,45,46,47,48,49,50,51,184,185,186,187,188,189,190,193,194,195,196,197,198,199
yes_EXPLORING BRUSSELS FOR THE DAY WITH EUROSTAR SNAP  TRAVEL VLOG  AD.txt,2,3,4,5,6,7,8,9,10,11,12,13,14,15,16,17
yes_EXPLORING NEW CITIES & AN EPIC TRAIN JOURNEY  #ad  Megan Ellaby Vlogs.txt,3,4,5,6,7,287,288,289,290,291,292,293,318,319,320,321
yes_Farmers Market w Mom, BTS w Sephora Collection, etc. - WEEKLY VLOG l Olivia Jade.txt,76,77,78,79,80,81,123,124,125,126,127,128
yes_FIVE INSANE DAYS IN NEW YORK.txt,26,27,28,29,30,31,32,33,34,35,36,37,38,39,51,52,53,54,55,56,57,58,59,60
yes_HOMESCHOOLING THE TWINS & A TRIP TO THE FARM  VLOG  AD.txt,175,176,177,178,179,180,181,182,183,184,185,186,187,188,189,190,191,192,193,194,195,196,197,198,199
yes_Homey Day with Jack and Darcy  Sprinkle of Chatter #ad.txt,154,155,156,157,158
yes_HOW TO BE AS SEXY AS ME.txt,362,363,364,365,366,367,368,369,370,371,372,373,374,375,376,377,378,379,380,381,382,383,384,385,386,387,388,389,390,391,392
yes_HUGE IBIZA POOL PARTY.txt,121,122,123,124,125,126,195,196,197,198,199,200,201,202,203,204,205,206,207,208,209,210,211,212,213,214,215,216,217,218,219,220,221,222,223,224,225,226,227
yes_HUGE SUMMER CLOTHING HAUL!.txt,14,15,16,17,44,45,46,47,48,49,50,51,52,53,54,55,56,57,58,59,60,61,62,63,64,65,77,78,79,80,81,82,83,84,85,86,87,88,89,90,91
yes_I CHEATED  THE MICHALAKS  #AD.txt,1,2,3,4,5,6,7,16,17,18
yes_I NEED TO DO THIS MORE OFTEN  Ali Gordon - Ad.txt,20,21,22,23,24,25,26,27,28,29,30,31,50,515,2,53,54,55,56,57,58,59,60,61,62,63,64,65,66,67,68,69,70,71,72,124,125,126,127,128,129,130,131,132,133,134,135,136,137,138,139,140,141,206,207,208,209,210,211,212,213,214,215,216,217
yes_I'M SLEEPING WITH MY BARBER SPIDERMAN CHALLENGE  VLOG 46 #AD.txt,6,7,8,91,92,93,94,95,96,97,98,99,100,101,102,103,104,105,106,107,108,109,110,111,112,113,114,115,116
yes_IM NOT ALLOWED TO SHOW YOU THIS YET!!.txt,307,308,309,310,311,312,313,314,315,316,317,318,319,323,324,325,326,327,328,329,330,331,332,333,334,335,336,337,338
yes_IM SORRY MAX.txt,13,14,15,16,17,18,19,20,21,22,23,24,25,26,27,28,268,269,270
yes_Impromptu Q&A + Getting the Christmas Tree!  ad.txt,261,262,269,270,271,272,274,275,276,277,278,279,280,281,282,283,284,285,286,287,308,309,310,311,312,313,314,315,316,318,319,320,321,322,323
yes_INVISALIGN EXPERIENCE - WEEK IN THE LIFE VLOG #ad.txt,4,5,6,7,8,9,10,11,12,13,14,34,35,36,37,38,39,40,41,42
yes_IS THIS WHAT LIVING IN LA IS LIKE A NEW 2 MILLION DOLLAR CAR - VLOG AD.txt,15,16,17,18,19,20,21,22,23,24,35,36,37,62,63,64,65,66,74,75,76,77,78,79,80,81,82,83,84,85,111,112,113,114,115,116,368,369,370,371,372
yes_LEARNING TO ROCK CLIMB!  Weekly Vlog AD.txt,39,40,41,42,43,44,45,46,47,48,49,50,51,52,53,54,55,56,57,58,59,60,61,62,63,64,65,66,67,68,69,70,71,72,73,74,75,76,77
yes_Life Admin & LA with MIKE! (ad).txt,63,64,65,66,67,73,74,75,76,77,78,79,80,81,82,83,84,85,86,87,88,89,90,91,92,93,94,95,96,97,98,99,100,101,102,103,104,105,106,107,108,109,110,111,112,113,114,115,116,117,135,136,137,138,140,141,142,634,635,636,637,638,639,640
yes_LIVE FOR THE STORY  THE MICHALAKS  AD.txt,18,19,20,21,22,23,24,25,26,27,28,29,30,31,32,33,34,35,36,37,38,39,320,321,322,323,324,325,326,327,328,329,330,331,332,333,334,335,336,337,338,339,340,341,342,343,344,345,346,347,348,349,350,351,352,353,354
yes_MEET MY FAMILY! Summer In The City Vlog ad.txt,113,114,115,116,117,118,119,120,121,122,123,124,125,126,127,128,129,130,131,132,133,134,135,136,137,138,139,140,141,142,143,144,145,146,147,148,149,150,151,152,153,154,155,156,157,158,159,160,161,162
yes_MEET MY NEW ROOMMATE!.txt,29,30,31,32
yes_MEETING LOTS OF YOU, THE BEST PEANUT BUTTER, BODYPOWER AND ALL THE FOOD  Lydia Elise Millen Ad.txt,7,8,9,10,154,155,156,157,158,159,160,161,162,163,164,165,166,167,168
yes_MIAMI VLOG  SUN, SEA & SISTER FUN  #AD  Megan Ellaby.txt,7,8,9,10,11,12,13
yes_MINE AND CASPARS HOLIDAY.txt,6,7,8,9,10,19,20,21,22,23,24,25,26,27,28
yes_MOVING DAY! MOVING INTO OUR HOUSE!.txt,89,90,91,92,93,94,95,96,97,98,99,100,101,102,126,127,128,129,135,136
yes_MY BIRTHDAY, YOUTUBER FESTIVAL & BEAUTIFUL JEWELS  #ad  Megan Ellaby Vlogs.txt,43,44,45,46,47,48,49,50,51,52,53,54,55,56,57,58,59,60,61,62,63,64,65,66,376,377,378
yes_NEW CAMERA & COMPETITION! #AD  Vlog S2E2.txt,2,3,4,5,6,7,8,9,10,11,12,13,14,15,16,17,18,19,20,21,22,23,24
yes_NOT YOUR AVERAGE MONDAY!  Amelia Liana Vlog ad.txt,21,22,23,24,25,26,27,28,29,30,31,32,33,34,35,36,169,170,171,172,173,174,175,176,177,178
yes_One Big Ibiza Party  Travel Vlog - Ad.txt,3,4,5,6,7,8,9
yes_OUR NEW HOME  THE MICHALAKS  #AD.txt,102,103,104,105,106,107,108,109,110,111,112,113,114,115,116,117,118,119,120,121,122,123,124,322,323,324,325,326,327,328,329,330,331,332,333,339,340,341
yes_Posh Vlog ad Puddletown & Chocolate with Katie & Andrew!.txt,4,5,6,7,8,9
yes_Pregnant Day Out! #Ad.txt,9,10,11,12,13,14,15,16,17,18,19,20,21,22,23,24,25,26,27,28,29,30,31,32,33,34,35,36,37,38,39,40,41,42,43,44,45
yes_PREPARING FOR THE BIG DAY!!.txt,70,71,72,73,74,75
yes_PUMPKINS, PRESENTS & PLONKERS.txt,515,516,517,518,519,520,521,522,523,524,525,526,527,528,529,530,531,532,533,534,535,536,537,538,539,540,541,542,543,544,545,546,547,548,549,550,551,552,553,554,555,556,557,558,559,560,561,562,563,564,565,566,567,568,569,570,571,572,573,574,575,576,577,578,579,580,581,582,583,584,585,586,587,588,589,590,591,592,593,594,595,596,597,598,599,600,601,602,603,604,605,606,607,608,609,610,611
yes_SEEING MY WALK IN WARDROBE FOR THE FIRST TIME EVER!! MOVING VLOG #4 AD.txt,41,42,43,46,47,48,49,50,51,52,53,54,55,56,57,58,59,60,61,62,63,64,65,66,67,68,69,70,71,78,79,80,81,82,83,84,85,86,87,88,89,90,91,92,93,94,95,96,97,102,103,104,105,106,107,108,130,131,132,133,134,135,136,137,138,139,140,141,142,143,144,378,379,380
yes_SEGWAYS IN MARBELLA  Luke Franks  Thomson Scene Advertorial.txt,2,3,4,96,97
yes_SHOPPING IN STOCKHOLM WITH ANNA  Lily Pebbles.txt,21,22,23,24,25,26,27,28,29,30,31,32,33,34,70,71,72,73,74,75,76,77
yes_Spring Cleaning Cosy Day!.txt,115,116,117,118,119,120,121,122,123,124,125
yes_SUCH A SPECIAL DAY! DREAMLAND, MARGATE, KENT VLOG! British Seaside Trip! ad  EmTalks.txt,10,11,12,13,14,15,211,212,213,214,215,216,279,280,281,282,283,284,285,286,287,288,293,294,295
yes_Super Fun Day  AD.txt,3,4,5,6,7
yes_SWEDEN VIDEO DIARY  VLOG  AD.txt,2,3,4,5,6,7,8,9,10,11,12,13,14,15,22,23,24,25,26,27,37,38,39,40,41,42,43,44,45,46,47,48,49,50,51,75,76,77,78,79,80,81,82,83,84,85,86,87
yes_the most ridiculous thing I've ever done....txt,13,14,15,16,17,18
yes_The Sister Day Vlog  AD  ViviannaDoesVlogging.txt,9,10,11,12,13,14,17,18,19,20,21,22,23,24,25,26,157,158,159,160
yes_THE STRUGGLE IS REAL  AD  Lily Pebbles Vlog.txt,1581,59,160,161,162,163,164,165,166,167,168,169,170,171,172,173,174,175,176,177,178,179,180,181,182,183,184,185,186,187,188,189,190,191,192,193,194,195,196,197,198,199,200,201,202,203,204,205,206,207,208,209,210,211,212,213,214,215,216,217,218,219,220,221,222,223,224,225,226,227,228,229,230
yes_The Sunset Relay Vlog  Lydia Elise Millen  ad.txt,4,5,6,7,8,9,10,160,161,162,163,164,165,166,167,168,169
yes_THE X FACTOR HOUSE TOUR & MEETING THE CONTESTANTS - AD  LucyAndLydia.txt,3,4,5,6,7,8,9,35,36,37,38,39,40,41,42,43
yes_THE YOUTUBER OLYMPICS.txt,14,15,16,17,18,19,20,21,22,23,24,25,26,27
yes_THIS COULD BE LIFE CHANGING  AD  Lily Pebbles.txt,13,14,15,20,21,22,23,24,25,26,27,28,29,30,31,32,33,38,39,40,46,47,48,49,50,51,103,104,105,106
yes_THIS IS CRAZY.txt,253,254,255,256,257,258,259,260,261,262,263,264,265
yes_UN VLOG PRETTY PARIS  AD  Lily Pebbles Vlog.txt,4,5,12,13,14,15,16,17,18,19,72,73,74,75,76,77,78,79,80,81,82,83,84,85,86,93,94,95,96,97,98,99,100,101,102,103,104,105,112,113,114,115,134,135,136,137,138,139,140,141,147,148,149,150,151,152
yes_Very Haul & The X Factor Vlog  Freddy My Love ad.txt,2,3,4,5,6,7,8,17,18,19,20,21,22,23,24,25,27,28,29,30,31,32,33,34,35,36,37,39,40,41,42,43,44,45,46,47,48,49,50,51,52,53,54,55,56,57,58,59,60,64,65,66,67,68,69,70,71,72,73,74,75,76,77,78,79,80,81,82,83,84,85,86,87,88,89,90,91,92,93,94,95
yes_VISITING AN INSANE WINERY IN SPAIN!  #ad  Megan Ellaby.txt,7,8
yes_VLOG  Visiting Copenhagen On A Budget + Bike Fails!  Kristabel  AD.txt,6,7,8,9,10,11,12,13,14,15,16,17,375,376,377,378,379,380,381,382,383,384,385,386,387,388,389,390,391
yes_Vlog Babies, Beauty and Back to Being Me! AD.txt,77,78,79,80,81,82,83,84,85,86,87,88,89,90,91,96,97,98,99,100,101,102,103,104,105,106,107,108,109,110,111,112,113,114,115,116,117,118,119,120,121,122
yes_VLOG CAPITAL SUMMERTIME BALL 2016 - AD  LucyAndLydia.txt,14,15,16,17,18,19,20,21,22,23,24,25,26,27,30,31,32,33,34,35,36
yes_VLOG Family Day! #LiveMore  ad.txt,37,38,39,40,41,42,43,44,45,46,47,48,49,50,100,101,102,103,104,105,106,140,141,142,143,169,170,171,172,173,174,175,176,177,178,179,180,181,182,183,184,185,186,230,231,232,244,245,246,247,248,249,250,284,285,286,287,288
yes_VLOG Mexico  Freddy My Love ad.txt,92,93,94,95,96,97,98,99,100,101,102,103,104,105,106,107,108,109,110,111,112,113,114,115,116,117,118,119,120,121,122,123,129,130,131,132,133,134,135,136,137,138,139
yes_VLOG SHOPPING IN NORWICH & SINGING ANNIE - AD  LucyAndLydia.txt,20,21,22,23,24,25,26,27,28,29,30,39,40,41,42,43,44,45,46,47,48,49,50,51,52,182,183,184
yes_WE DON'T USUALLY DO THIS! ad.txt,5,6,7,8,20,21,22,23,24,25,138,139,140,141,142,143,144,145,146,147,148,149,150,151,152,189,190,191,192,193,194,195,196,197,198,199
yes_WE PRANKED THEM.txt,6,7,8,9,10,11,12,15,16,17,18,19,20,21,22,30,31,32,171,172,173,174,175,176,177,178,179,180,185,186,187,188,189,190,191,192,193,194
yes_WE STAYED IN A CABIN! GIRLS TRIP AWAY WITH NINA RICCI - AD  LucyAndLydia.txt,4,5,179,180,181,182,200,201,202,203,204,205,206,334,335,336
yes_WEEKLY VLOG  NEW YORK.txt,9,10,11,12,13,14,15,16,17,18,66,67,68,69,70,82,83,84,85,86,87,88,89,90,91,92,93,94,95,96,97
yes_WEEKLY VLOG #110  BOXING & THE ADDAMS FAMILY! _  Brogan Tate.txt,143,144,145,146,147,148,149,150,151,152,153,154,155,156,157,158,159,160,161,162,163,164,165,166,167,168,169,170,171,172,173,174,175,176,182,183,184,185,186,187,188,189,190,191,192,193,194,195,196,197,198,199,200,201,202,203,204,205,206,207,208,209,210,211,212,213,214,215,216,217,218,219,220,223,224,225,226,227,228,229,230,231,232,233,889,890,891,892,893,894
yes_WEEKLY VLOG #111  BEACH HUT WEEKEND! _  Brogan Tate.txt,207,208,209,210,211,212,213,214,215,216,217,218,222,223,224,225,226,227,228,229,230,231,232,233,234,235,236,237,238,239,240,241,242,243,244,245,246,247,248,249,250,251,252,253,254,255,256,257,258,259,260,261,262,263,264,265,266,267,268,269,270,271,272,273,274,275,276,277,735,736,737,738,739,740
yes_WHAT I WORE at the British Seaside!!  Whitstable Travel Vlog (AD)  Fashion Mumblr.txt,10,11,12,13,14,15,16,269,270,271,276,277,278
yes_WHAT IS IT LIKE TO STAY ON A LUXURY SUPER YACHT.txt,402,403,404,405,406,407,408,409
yes_WHAT MATTERS IN LIFE  THE MICHALAKS  #AD.txt,162,163,164,165,166,167,168,176,177
yes_WHAT PREGNANCY FEELS LIKE  THE MICHALAKS  #AD.txt,37,38,39,40,49,50,51,52,53,54,55,56,57,58,111,112,113,114,115,116
yes_WHAT WE EAT IN A DAY  VLOG AD.txt,11,12,13,14,15,16,17,18,19,20,21,22,23,24,25,26,27,28,29,30,31,32,33,34,35,36,37,38,39,40,41,42,43,44,45,46,47,48,49,50,51,52,53,54,55,56,57,58,59,60,61,62,63,64,65,66,67,68,69,70,71,72,191,192,193,194,195,224,225,226,227,228,229,230,231